"No.","Time","Source","Destination","Protocol","Length","Info"
"1","0.000000000","10.0.2.15","157.240.0.60","TLSv1.2","124","Application Data"
"2","0.000605404","157.240.0.60","10.0.2.15","TCP","60","443  >  56326 [ACK] Seq=1 Ack=71 Win=65535 Len=0"
"3","0.161703866","157.240.0.60","10.0.2.15","TLSv1.2","126","Application Data"
"4","0.161739653","10.0.2.15","157.240.0.60","TCP","54","56326  >  443 [ACK] Seq=71 Ack=73 Win=62780 Len=0"
"5","6.165160300","157.240.0.60","10.0.2.15","TLSv1.2","285","Application Data"
"6","6.165208987","10.0.2.15","157.240.0.60","TCP","54","56326  >  443 [ACK] Seq=71 Ack=304 Win=62780 Len=0"
"7","6.318428788","10.0.2.15","157.240.0.60","TLSv1.2","145","Application Data"
"8","6.318674130","157.240.0.60","10.0.2.15","TCP","60","443  >  56326 [ACK] Seq=304 Ack=162 Win=65535 Len=0"
"17","7.981488119","10.0.2.15","157.240.0.60","TLSv1.2","118","Application Data"
"18","7.982077972","157.240.0.60","10.0.2.15","TCP","60","443  >  56326 [ACK] Seq=304 Ack=226 Win=65535 Len=0"
"22","8.020557069","10.0.2.15","157.240.0.60","QUIC","1292","Initial, DCID=7774456eca24ba05, PKN: 1, CRYPTO, CRYPTO, PING, CRYPTO, PADDING, CRYPTO, PADDING, PING, PADDING, PING, PADDING, CRYPTO, CRYPTO, PADDING, CRYPTO"
"23","8.024475002","10.0.2.15","157.240.0.60","QUIC","120","0-RTT, DCID=7774456eca24ba05"
"24","8.024812661","10.0.2.15","157.240.0.60","QUIC","454","0-RTT, DCID=7774456eca24ba05"
"26","8.099076761","157.240.0.60","10.0.2.15","QUIC","1274","Initial, SCID=941d0102027da3a8, PKN: 9790797, CRYPTO, ACK, PADDING"
"27","8.099077301","157.240.0.60","10.0.2.15","QUIC","251","Handshake, SCID=941d0102027da3a8"
"28","8.099077321","157.240.0.60","10.0.2.15","QUIC","122","Protected Payload (KP0)"
"29","8.101768854","10.0.2.15","157.240.0.60","QUIC","1292","Handshake, DCID=941d0102027da3a8"
"30","8.101842561","157.240.0.60","10.0.2.15","QUIC","90","Protected Payload (KP0)"
"31","8.102975272","10.0.2.15","157.240.0.60","QUIC","76","Protected Payload (KP0), DCID=941d0102027da3a8"
"32","8.106549004","10.0.2.15","157.240.0.60","TLSv1.2","181","Application Data"
"33","8.107184450","157.240.0.60","10.0.2.15","TCP","60","443  >  56326 [ACK] Seq=304 Ack=353 Win=65535 Len=0"
"34","8.122583775","157.240.0.60","10.0.2.15","QUIC","1274","Protected Payload (KP0)"
"35","8.122584326","157.240.0.60","10.0.2.15","QUIC","442","Protected Payload (KP0)"
"36","8.122584386","157.240.0.60","10.0.2.15","QUIC","90","Protected Payload (KP0)"
"37","8.123309745","10.0.2.15","157.240.0.60","QUIC","80","Protected Payload (KP0), DCID=941d0102027da3a8"
"38","8.156214788","10.0.2.15","157.240.0.60","QUIC","77","Protected Payload (KP0), DCID=941d0102027da3a8"
"39","8.180103247","157.240.0.60","10.0.2.15","QUIC","81","Handshake, SCID=941d0102027da3a8"
"40","8.180104219","157.240.0.60","10.0.2.15","QUIC","154","Protected Payload (KP0)"
"41","8.180104239","157.240.0.60","10.0.2.15","QUIC","314","Protected Payload (KP0)"
"42","8.180547357","10.0.2.15","157.240.0.60","QUIC","76","Protected Payload (KP0), DCID=941d0102027da3a8"
"43","8.225889816","157.240.0.60","10.0.2.15","QUIC","90","Protected Payload (KP0)"
"44","8.272690385","157.240.0.60","10.0.2.15","TLSv1.2","144","Application Data"
"45","8.272735016","10.0.2.15","157.240.0.60","TCP","54","56326  >  443 [ACK] Seq=353 Ack=394 Win=62780 Len=0"
"52","13.851954422","157.240.0.60","10.0.2.15","TLSv1.2","1298","Application Data"
"53","13.852217794","10.0.2.15","157.240.0.60","TCP","54","56326  >  443 [ACK] Seq=353 Ack=1638 Win=62780 Len=0"
"54","14.029143129","10.0.2.15","157.240.0.60","TLSv1.2","145","Application Data"
"55","14.029404478","157.240.0.60","10.0.2.15","TCP","60","443  >  56326 [ACK] Seq=1638 Ack=444 Win=65535 Len=0"
"56","14.099911929","10.0.2.15","157.240.0.60","TLSv1.2","157","Application Data"
"57","14.100459437","157.240.0.60","10.0.2.15","TCP","60","443  >  56326 [ACK] Seq=1638 Ack=547 Win=65535 Len=0"
"58","14.261972407","157.240.0.60","10.0.2.15","TLSv1.2","144","Application Data"
"59","14.262002314","10.0.2.15","157.240.0.60","TCP","54","56326  >  443 [ACK] Seq=547 Ack=1728 Win=62780 Len=0"
"65","32.510198062","157.240.0.60","10.0.2.15","TCP","1446","443  >  56326 [PSH, ACK] Seq=1728 Ack=547 Win=65535 Len=1392 [TCP segment of a reassembled PDU]"
"66","32.510268195","10.0.2.15","157.240.0.60","TCP","54","56326  >  443 [ACK] Seq=547 Ack=3120 Win=62780 Len=0"
"67","32.517491112","157.240.0.60","10.0.2.15","TLSv1.2","278","Application Data, Application Data"
"68","32.517523414","10.0.2.15","157.240.0.60","TCP","54","56326  >  443 [ACK] Seq=547 Ack=3344 Win=62780 Len=0"
"71","32.672610865","10.0.2.15","157.240.0.60","TLSv1.2","129","Application Data"
"72","32.672872162","157.240.0.60","10.0.2.15","TCP","60","443  >  56326 [ACK] Seq=3344 Ack=622 Win=65535 Len=0"
"73","32.675591293","10.0.2.15","157.240.0.60","TLSv1.2","144","Application Data"
"74","32.676539701","157.240.0.60","10.0.2.15","TCP","60","443  >  56326 [ACK] Seq=3344 Ack=712 Win=65535 Len=0"
"77","32.691527701","10.0.2.15","213.57.24.97","QUIC","1292","Initial, DCID=b863a0d50d0205a6, PKN: 1, PING, PADDING, CRYPTO, CRYPTO, PADDING, PING, PING, PING, PING, PADDING, CRYPTO, CRYPTO, PADDING, CRYPTO, PING, CRYPTO, PADDING, CRYPTO, CRYPTO, PING, PING, CRYPTO"
"78","32.692107047","10.0.2.15","213.57.24.97","QUIC","122","0-RTT, DCID=b863a0d50d0205a6"
"79","32.692493592","10.0.2.15","213.57.24.97","QUIC","637","0-RTT, DCID=b863a0d50d0205a6"
"80","32.708733690","213.57.24.97","10.0.2.15","QUIC","1274","Initial, SCID=b3810008126f8a25, PKN: 2192701, CRYPTO, ACK, PADDING"
"81","32.708734191","213.57.24.97","10.0.2.15","QUIC","250","Handshake, SCID=b3810008126f8a25"
"82","32.709770331","10.0.2.15","213.57.24.97","QUIC","123","Handshake, DCID=b3810008126f8a25"
"83","32.710424449","213.57.24.97","10.0.2.15","QUIC","90","Protected Payload (KP0)"
"84","32.710424839","213.57.24.97","10.0.2.15","QUIC","122","Protected Payload (KP0)"
"85","32.711061518","213.57.24.97","10.0.2.15","QUIC","90","Protected Payload (KP0)"
"86","32.711347351","10.0.2.15","213.57.24.97","QUIC","76","Protected Payload (KP0), DCID=b3810008126f8a25"
"87","32.729513417","213.57.24.97","10.0.2.15","QUIC","81","Handshake, SCID=b3810008126f8a25"
"88","32.729513878","213.57.24.97","10.0.2.15","QUIC","378","Protected Payload (KP0)"
"89","32.763874114","10.0.2.15","213.57.24.97","QUIC","77","Protected Payload (KP0), DCID=b3810008126f8a25"
"90","32.764280982","10.0.2.15","157.240.0.60","TLSv1.2","156","Application Data"
"91","32.764685706","157.240.0.60","10.0.2.15","TCP","60","443  >  56326 [ACK] Seq=3344 Ack=814 Win=65535 Len=0"
"92","32.848129449","157.240.0.60","10.0.2.15","TLSv1.2","1058","Application Data"
"93","32.848178318","10.0.2.15","157.240.0.60","TCP","54","56326  >  443 [ACK] Seq=814 Ack=4348 Win=62780 Len=0"
"94","32.927091157","157.240.0.60","10.0.2.15","TLSv1.2","143","Application Data"
"95","32.927126264","10.0.2.15","157.240.0.60","TCP","54","56326  >  443 [ACK] Seq=814 Ack=4437 Win=62780 Len=0"
"96","32.931977847","10.0.2.15","213.57.24.97","QUIC","71","Protected Payload (KP0), DCID=b3810008126f8a25"
"97","32.969647223","213.57.24.97","10.0.2.15","QUIC","90","Protected Payload (KP0)"
"98","33.115801027","213.57.24.97","10.0.2.15","QUIC","1274","Protected Payload (KP0)"
"99","33.116131622","213.57.24.97","10.0.2.15","QUIC","1274","Protected Payload (KP0)"
"100","33.116594876","10.0.2.15","213.57.24.97","QUIC","80","Protected Payload (KP0), DCID=b3810008126f8a25"
"101","33.121099408","213.57.24.97","10.0.2.15","QUIC","1274","Protected Payload (KP0)"
"102","33.121099788","213.57.24.97","10.0.2.15","QUIC","1274","Protected Payload (KP0)"
"103","33.121179938","213.57.24.97","10.0.2.15","QUIC","1274","Protected Payload (KP0)"
"104","33.121180008","213.57.24.97","10.0.2.15","QUIC","1274","Protected Payload (KP0)"
"105","33.121246846","213.57.24.97","10.0.2.15","QUIC","1274","Protected Payload (KP0)"
"106","33.121285919","213.57.24.97","10.0.2.15","QUIC","1274","Protected Payload (KP0)"
"107","33.121310969","10.0.2.15","213.57.24.97","QUIC","76","Protected Payload (KP0), DCID=b3810008126f8a25"
"108","33.121331983","213.57.24.97","10.0.2.15","QUIC","1274","Protected Payload (KP0)"
"109","33.121355281","10.0.2.15","213.57.24.97","QUIC","76","Protected Payload (KP0), DCID=b3810008126f8a25"
"110","33.121369674","213.57.24.97","10.0.2.15","QUIC","1274","Protected Payload (KP0)"
"111","33.121378769","10.0.2.15","213.57.24.97","QUIC","76","Protected Payload (KP0), DCID=b3810008126f8a25"
"112","33.121401235","10.0.2.15","213.57.24.97","QUIC","76","Protected Payload (KP0), DCID=b3810008126f8a25"
"113","33.121606207","213.57.24.97","10.0.2.15","QUIC","1274","Protected Payload (KP0)"
"114","33.121707570","10.0.2.15","213.57.24.97","QUIC","76","Protected Payload (KP0), DCID=b3810008126f8a25"
"115","33.121873128","213.57.24.97","10.0.2.15","QUIC","1274","Protected Payload (KP0)"
"116","33.132812066","213.57.24.97","10.0.2.15","QUIC","1274","Protected Payload (KP0)"
"117","33.133102395","10.0.2.15","213.57.24.97","QUIC","76","Protected Payload (KP0), DCID=b3810008126f8a25"
"118","33.134057239","213.57.24.97","10.0.2.15","QUIC","1274","Protected Payload (KP0)"
"119","33.137700964","213.57.24.97","10.0.2.15","QUIC","1274","Protected Payload (KP0)"
"120","33.137962122","10.0.2.15","213.57.24.97","QUIC","76","Protected Payload (KP0), DCID=b3810008126f8a25"
"121","33.138146014","213.57.24.97","10.0.2.15","QUIC","1274","Protected Payload (KP0)"
"122","33.146582112","213.57.24.97","10.0.2.15","QUIC","1274","Protected Payload (KP0)"
"123","33.146582472","213.57.24.97","10.0.2.15","QUIC","1274","Protected Payload (KP0)"
"124","33.146747830","213.57.24.97","10.0.2.15","QUIC","1274","Protected Payload (KP0)"
"125","33.146747970","213.57.24.97","10.0.2.15","QUIC","1274","Protected Payload (KP0)"
"126","33.146748020","213.57.24.97","10.0.2.15","QUIC","1274","Protected Payload (KP0)"
"127","33.146846269","213.57.24.97","10.0.2.15","QUIC","1274","Protected Payload (KP0)"
"128","33.146846319","213.57.24.97","10.0.2.15","QUIC","1274","Protected Payload (KP0)"
"129","33.146938768","213.57.24.97","10.0.2.15","QUIC","1274","Protected Payload (KP0)"
"130","33.146938818","213.57.24.97","10.0.2.15","QUIC","1274","Protected Payload (KP0)"
"131","33.147065273","213.57.24.97","10.0.2.15","QUIC","1274","Protected Payload (KP0)"
"132","33.147065323","213.57.24.97","10.0.2.15","QUIC","1274","Protected Payload (KP0)"
"133","33.147138812","213.57.24.97","10.0.2.15","QUIC","1274","Protected Payload (KP0)"
"134","33.147241348","213.57.24.97","10.0.2.15","QUIC","1274","Protected Payload (KP0)"
"135","33.147241408","213.57.24.97","10.0.2.15","QUIC","1274","Protected Payload (KP0)"
"136","33.147241458","213.57.24.97","10.0.2.15","QUIC","1274","Protected Payload (KP0)"
"137","33.147331533","213.57.24.97","10.0.2.15","QUIC","1274","Protected Payload (KP0)"
"138","33.149290490","213.57.24.97","10.0.2.15","QUIC","1274","Protected Payload (KP0)"
"139","33.149597827","213.57.24.97","10.0.2.15","QUIC","1274","Protected Payload (KP0)"
"140","33.149801371","10.0.2.15","213.57.24.97","QUIC","76","Protected Payload (KP0), DCID=b3810008126f8a25"
"141","33.149874739","10.0.2.15","213.57.24.97","QUIC","76","Protected Payload (KP0), DCID=b3810008126f8a25"
"142","33.149899169","10.0.2.15","213.57.24.97","QUIC","76","Protected Payload (KP0), DCID=b3810008126f8a25"
"143","33.149925501","10.0.2.15","213.57.24.97","QUIC","76","Protected Payload (KP0), DCID=b3810008126f8a25"
"144","33.149947527","10.0.2.15","213.57.24.97","QUIC","76","Protected Payload (KP0), DCID=b3810008126f8a25"
"145","33.149975272","10.0.2.15","213.57.24.97","QUIC","76","Protected Payload (KP0), DCID=b3810008126f8a25"
"146","33.150017059","10.0.2.15","213.57.24.97","QUIC","76","Protected Payload (KP0), DCID=b3810008126f8a25"
"147","33.150043362","10.0.2.15","213.57.24.97","QUIC","76","Protected Payload (KP0), DCID=b3810008126f8a25"
"148","33.150067311","10.0.2.15","213.57.24.97","QUIC","76","Protected Payload (KP0), DCID=b3810008126f8a25"
"149","33.150516953","213.57.24.97","10.0.2.15","QUIC","1274","Protected Payload (KP0)"
"150","33.150613884","10.0.2.15","213.57.24.97","QUIC","76","Protected Payload (KP0), DCID=b3810008126f8a25"
"151","33.151401483","213.57.24.97","10.0.2.15","QUIC","1274","Protected Payload (KP0)"
"152","33.157262637","213.57.24.97","10.0.2.15","QUIC","1274","Protected Payload (KP0)"
"153","33.157452625","10.0.2.15","213.57.24.97","QUIC","76","Protected Payload (KP0), DCID=b3810008126f8a25"
"154","33.157837432","213.57.24.97","10.0.2.15","QUIC","1274","Protected Payload (KP0)"
"155","33.158811697","213.57.24.97","10.0.2.15","QUIC","1274","Protected Payload (KP0)"
"156","33.159009081","213.57.24.97","10.0.2.15","QUIC","1274","Protected Payload (KP0)"
"157","33.159164102","10.0.2.15","213.57.24.97","QUIC","76","Protected Payload (KP0), DCID=b3810008126f8a25"
"158","33.163317126","213.57.24.97","10.0.2.15","QUIC","1274","Protected Payload (KP0)"
"159","33.163557223","10.0.2.15","213.57.24.97","QUIC","81","Protected Payload (KP0), DCID=b3810008126f8a25"
"160","33.163936046","213.57.24.97","10.0.2.15","QUIC","1274","Protected Payload (KP0)"
"161","33.169445117","213.57.24.97","10.0.2.15","QUIC","1274","Protected Payload (KP0)"
"162","33.169445577","213.57.24.97","10.0.2.15","QUIC","1274","Protected Payload (KP0)"
"163","33.169445597","213.57.24.97","10.0.2.15","QUIC","1274","Protected Payload (KP0)"
"164","33.169445627","213.57.24.97","10.0.2.15","QUIC","1274","Protected Payload (KP0)"
"165","33.169552751","213.57.24.97","10.0.2.15","QUIC","1274","Protected Payload (KP0)"
"166","33.169552781","213.57.24.97","10.0.2.15","QUIC","1274","Protected Payload (KP0)"
"167","33.169552811","213.57.24.97","10.0.2.15","QUIC","1274","Protected Payload (KP0)"
"168","33.169633281","213.57.24.97","10.0.2.15","QUIC","1274","Protected Payload (KP0)"
"169","33.169676070","213.57.24.97","10.0.2.15","QUIC","1274","Protected Payload (KP0)"
"170","33.169748863","213.57.24.97","10.0.2.15","QUIC","1274","Protected Payload (KP0)"
"171","33.169779042","10.0.2.15","213.57.24.97","QUIC","76","Protected Payload (KP0), DCID=b3810008126f8a25"
"172","33.169856797","10.0.2.15","213.57.24.97","QUIC","76","Protected Payload (KP0), DCID=b3810008126f8a25"
"173","33.169888969","10.0.2.15","213.57.24.97","QUIC","76","Protected Payload (KP0), DCID=b3810008126f8a25"
"174","33.169914471","10.0.2.15","213.57.24.97","QUIC","76","Protected Payload (KP0), DCID=b3810008126f8a25"
"175","33.169937578","10.0.2.15","213.57.24.97","QUIC","76","Protected Payload (KP0), DCID=b3810008126f8a25"
"176","33.177417420","213.57.24.97","10.0.2.15","QUIC","1274","Protected Payload (KP0)"
"177","33.177418452","213.57.24.97","10.0.2.15","QUIC","1274","Protected Payload (KP0)"
"178","33.177418472","213.57.24.97","10.0.2.15","QUIC","1274","Protected Payload (KP0)"
"179","33.177613407","213.57.24.97","10.0.2.15","QUIC","1274","Protected Payload (KP0)"
"180","33.177613477","213.57.24.97","10.0.2.15","QUIC","1274","Protected Payload (KP0)"
"181","33.177707259","213.57.24.97","10.0.2.15","QUIC","1274","Protected Payload (KP0)"
"182","33.177785545","213.57.24.97","10.0.2.15","QUIC","1274","Protected Payload (KP0)"
"183","33.177821633","213.57.24.97","10.0.2.15","QUIC","1274","Protected Payload (KP0)"
"184","33.177891877","213.57.24.97","10.0.2.15","QUIC","1274","Protected Payload (KP0)"
"185","33.177899769","10.0.2.15","213.57.24.97","QUIC","76","Protected Payload (KP0), DCID=b3810008126f8a25"
"186","33.177938191","213.57.24.97","10.0.2.15","QUIC","1274","Protected Payload (KP0)"
"187","33.177969833","10.0.2.15","213.57.24.97","QUIC","76","Protected Payload (KP0), DCID=b3810008126f8a25"
"188","33.177978927","213.57.24.97","10.0.2.15","QUIC","1274","Protected Payload (KP0)"
"189","33.178006622","10.0.2.15","213.57.24.97","QUIC","76","Protected Payload (KP0), DCID=b3810008126f8a25"
"190","33.178041729","10.0.2.15","213.57.24.97","QUIC","76","Protected Payload (KP0), DCID=b3810008126f8a25"
"191","33.178081784","10.0.2.15","213.57.24.97","QUIC","76","Protected Payload (KP0), DCID=b3810008126f8a25"
"192","33.178125404","10.0.2.15","213.57.24.97","QUIC","76","Protected Payload (KP0), DCID=b3810008126f8a25"
"193","33.178581721","213.57.24.97","10.0.2.15","QUIC","1274","Protected Payload (KP0)"
"194","33.178582252","213.57.24.97","10.0.2.15","QUIC","1274","Protected Payload (KP0)"
"195","33.178780543","213.57.24.97","10.0.2.15","QUIC","1274","Protected Payload (KP0)"
"196","33.178780603","213.57.24.97","10.0.2.15","QUIC","1274","Protected Payload (KP0)"
"197","33.178780623","213.57.24.97","10.0.2.15","QUIC","1274","Protected Payload (KP0)"
"198","33.178867694","10.0.2.15","213.57.24.97","QUIC","76","Protected Payload (KP0), DCID=b3810008126f8a25"
"199","33.178999607","10.0.2.15","213.57.24.97","QUIC","76","Protected Payload (KP0), DCID=b3810008126f8a25"
"200","33.187241580","213.57.24.97","10.0.2.15","QUIC","1274","Protected Payload (KP0)"
"201","33.187389419","213.57.24.97","10.0.2.15","QUIC","1274","Protected Payload (KP0)"
"202","33.187389670","213.57.24.97","10.0.2.15","QUIC","1274","Protected Payload (KP0)"
"203","33.187512027","213.57.24.97","10.0.2.15","QUIC","1274","Protected Payload (KP0)"
"204","33.187512097","213.57.24.97","10.0.2.15","QUIC","1274","Protected Payload (KP0)"
"205","33.187637911","10.0.2.15","213.57.24.97","QUIC","76","Protected Payload (KP0), DCID=b3810008126f8a25"
"206","33.187657122","213.57.24.97","10.0.2.15","QUIC","1274","Protected Payload (KP0)"
"207","33.187716748","213.57.24.97","10.0.2.15","QUIC","1274","Protected Payload (KP0)"
"208","33.187727496","10.0.2.15","213.57.24.97","QUIC","76","Protected Payload (KP0), DCID=b3810008126f8a25"
"209","33.187799813","10.0.2.15","213.57.24.97","QUIC","76","Protected Payload (KP0), DCID=b3810008126f8a25"
"210","33.187821658","213.57.24.97","10.0.2.15","QUIC","1274","Protected Payload (KP0)"
"211","33.187849884","10.0.2.15","213.57.24.97","QUIC","76","Protected Payload (KP0), DCID=b3810008126f8a25"
"212","33.188386341","213.57.24.97","10.0.2.15","QUIC","1274","Protected Payload (KP0)"
"213","33.188386652","213.57.24.97","10.0.2.15","QUIC","1274","Protected Payload (KP0)"
"214","33.188479091","213.57.24.97","10.0.2.15","QUIC","1274","Protected Payload (KP0)"
"215","33.188479161","213.57.24.97","10.0.2.15","QUIC","1274","Protected Payload (KP0)"
"216","33.188543015","213.57.24.97","10.0.2.15","QUIC","1274","Protected Payload (KP0)"
"217","33.188543035","213.57.24.97","10.0.2.15","QUIC","1274","Protected Payload (KP0)"
"218","33.188576068","213.57.24.97","10.0.2.15","QUIC","1274","Protected Payload (KP0)"
"219","33.188580525","10.0.2.15","213.57.24.97","QUIC","76","Protected Payload (KP0), DCID=b3810008126f8a25"
"220","33.188631788","10.0.2.15","213.57.24.97","QUIC","76","Protected Payload (KP0), DCID=b3810008126f8a25"
"221","33.188649807","213.57.24.97","10.0.2.15","QUIC","1274","Protected Payload (KP0)"
"222","33.188662838","10.0.2.15","213.57.24.97","QUIC","81","Protected Payload (KP0), DCID=b3810008126f8a25"
"223","33.188689271","10.0.2.15","213.57.24.97","QUIC","76","Protected Payload (KP0), DCID=b3810008126f8a25"
"224","33.188690824","213.57.24.97","10.0.2.15","QUIC","1274","Protected Payload (KP0)"
"225","33.188713950","10.0.2.15","213.57.24.97","QUIC","76","Protected Payload (KP0), DCID=b3810008126f8a25"
"226","33.188973080","213.57.24.97","10.0.2.15","QUIC","1274","Protected Payload (KP0)"
"227","33.190544575","213.57.24.97","10.0.2.15","QUIC","1274","Protected Payload (KP0)"
"228","33.190545236","213.57.24.97","10.0.2.15","QUIC","1274","Protected Payload (KP0)"
"229","33.195829338","213.57.24.97","10.0.2.15","QUIC","1274","Protected Payload (KP0)"
"230","33.196050456","213.57.24.97","10.0.2.15","QUIC","1274","Protected Payload (KP0)"
"231","33.198066099","10.0.2.15","213.57.24.97","QUIC","76","Protected Payload (KP0), DCID=b3810008126f8a25"
"232","33.198306809","10.0.2.15","213.57.24.97","QUIC","76","Protected Payload (KP0), DCID=b3810008126f8a25"
"233","33.200816346","213.57.24.97","10.0.2.15","QUIC","1274","Protected Payload (KP0)"
"234","33.200816756","213.57.24.97","10.0.2.15","QUIC","1274","Protected Payload (KP0)"
"235","33.200816786","213.57.24.97","10.0.2.15","QUIC","1274","Protected Payload (KP0)"
"236","33.200816806","213.57.24.97","10.0.2.15","QUIC","1274","Protected Payload (KP0)"
"237","33.201053649","10.0.2.15","213.57.24.97","QUIC","76","Protected Payload (KP0), DCID=b3810008126f8a25"
"238","33.201184030","10.0.2.15","213.57.24.97","QUIC","78","Protected Payload (KP0), DCID=b3810008126f8a25"
"239","33.201205695","10.0.2.15","213.57.24.97","QUIC","78","Protected Payload (KP0), DCID=b3810008126f8a25"
"240","33.206738459","213.57.24.97","10.0.2.15","QUIC","1274","Protected Payload (KP0)"
"241","33.206739461","213.57.24.97","10.0.2.15","QUIC","1274","Protected Payload (KP0)"
"242","33.206739481","213.57.24.97","10.0.2.15","QUIC","1274","Protected Payload (KP0)"
"243","33.206897506","213.57.24.97","10.0.2.15","QUIC","1274","Protected Payload (KP0)"
"244","33.206897526","213.57.24.97","10.0.2.15","QUIC","1274","Protected Payload (KP0)"
"245","33.206933965","213.57.24.97","10.0.2.15","QUIC","1274","Protected Payload (KP0)"
"246","33.207096728","213.57.24.97","10.0.2.15","QUIC","1274","Protected Payload (KP0)"
"247","33.207195868","10.0.2.15","213.57.24.97","QUIC","78","Protected Payload (KP0), DCID=b3810008126f8a25"
"248","33.207261685","10.0.2.15","213.57.24.97","QUIC","78","Protected Payload (KP0), DCID=b3810008126f8a25"
"249","33.207314019","10.0.2.15","213.57.24.97","QUIC","78","Protected Payload (KP0), DCID=b3810008126f8a25"
"250","33.209758751","213.57.24.97","10.0.2.15","QUIC","1210","Protected Payload (KP0)"
"251","33.210233499","213.57.24.97","10.0.2.15","QUIC","1274","Protected Payload (KP0)"
"252","33.210233719","213.57.24.97","10.0.2.15","QUIC","1274","Protected Payload (KP0)"
"253","33.210304103","213.57.24.97","10.0.2.15","QUIC","1274","Protected Payload (KP0)"
"254","33.210304133","213.57.24.97","10.0.2.15","QUIC","1274","Protected Payload (KP0)"
"255","33.210359742","10.0.2.15","213.57.24.97","QUIC","78","Protected Payload (KP0), DCID=b3810008126f8a25"
"256","33.210388720","213.57.24.97","10.0.2.15","QUIC","1274","Protected Payload (KP0)"
"257","33.210419329","10.0.2.15","213.57.24.97","QUIC","79","Protected Payload (KP0), DCID=b3810008126f8a25"
"258","33.210488781","213.57.24.97","10.0.2.15","QUIC","1274","Protected Payload (KP0)"
"259","33.210488871","213.57.24.97","10.0.2.15","QUIC","1274","Protected Payload (KP0)"
"260","33.210504637","10.0.2.15","213.57.24.97","QUIC","79","Protected Payload (KP0), DCID=b3810008126f8a25"
"261","33.210528245","10.0.2.15","213.57.24.97","QUIC","79","Protected Payload (KP0), DCID=b3810008126f8a25"
"262","33.210559346","10.0.2.15","213.57.24.97","QUIC","79","Protected Payload (KP0), DCID=b3810008126f8a25"
"263","33.210593230","10.0.2.15","213.57.24.97","QUIC","79","Protected Payload (KP0), DCID=b3810008126f8a25"
"264","33.210611169","10.0.2.15","213.57.24.97","QUIC","79","Protected Payload (KP0), DCID=b3810008126f8a25"
"265","33.210847401","213.57.24.97","10.0.2.15","QUIC","1274","Protected Payload (KP0)"
"266","33.210847521","213.57.24.97","10.0.2.15","QUIC","90","Protected Payload (KP0)"
"267","33.211041044","10.0.2.15","213.57.24.97","QUIC","77","Protected Payload (KP0), DCID=b3810008126f8a25"
"268","33.216924015","213.57.24.97","10.0.2.15","QUIC","1274","Protected Payload (KP0)"
"269","33.217298541","213.57.24.97","10.0.2.15","QUIC","1274","Protected Payload (KP0)"
"270","33.217534271","213.57.24.97","10.0.2.15","QUIC","1274","Protected Payload (KP0)"
"271","33.222642410","213.57.24.97","10.0.2.15","QUIC","1274","Protected Payload (KP0)"
"272","33.222802989","10.0.2.15","213.57.24.97","QUIC","76","Protected Payload (KP0), DCID=b3810008126f8a25"
"273","33.223205690","213.57.24.97","10.0.2.15","QUIC","1274","Protected Payload (KP0)"
"274","33.223835027","213.57.24.97","10.0.2.15","QUIC","1274","Protected Payload (KP0)"
"275","33.224191323","213.57.24.97","10.0.2.15","QUIC","1274","Protected Payload (KP0)"
"276","33.225196893","213.57.24.97","10.0.2.15","QUIC","1274","Protected Payload (KP0)"
"277","33.225695665","213.57.24.97","10.0.2.15","QUIC","1274","Protected Payload (KP0)"
"278","33.225848001","213.57.24.97","10.0.2.15","QUIC","90","Protected Payload (KP0)"
"279","33.227393800","10.0.2.15","213.57.24.97","QUIC","82","Protected Payload (KP0), DCID=b3810008126f8a25"
"280","33.265561492","213.57.24.97","10.0.2.15","QUIC","90","Protected Payload (KP0)"
"282","40.022341808","157.240.0.60","10.0.2.15","TLSv1.2","1250","Application Data"
"283","40.022420546","10.0.2.15","157.240.0.60","TCP","54","56326  >  443 [ACK] Seq=814 Ack=5633 Win=62780 Len=0"
"284","40.268289015","10.0.2.15","157.240.0.60","TLSv1.2","145","Application Data"
"285","40.268711404","157.240.0.60","10.0.2.15","TCP","60","443  >  56326 [ACK] Seq=5633 Ack=905 Win=65535 Len=0"
"286","40.467094009","10.0.2.15","157.240.0.60","TLSv1.2","157","Application Data"
"287","40.467433910","157.240.0.60","10.0.2.15","TCP","60","443  >  56326 [ACK] Seq=5633 Ack=1008 Win=65535 Len=0"
"288","40.627180162","157.240.0.60","10.0.2.15","TLSv1.2","144","Application Data"
"289","40.627229251","10.0.2.15","157.240.0.60","TCP","54","56326  >  443 [ACK] Seq=1008 Ack=5723 Win=62780 Len=0"
"290","40.669226952","157.240.0.60","10.0.2.15","TLSv1.2","131","Application Data"
"291","40.669266436","10.0.2.15","157.240.0.60","TCP","54","56326  >  443 [ACK] Seq=1008 Ack=5800 Win=62780 Len=0"
"307","48.397754187","157.240.0.60","10.0.2.15","TLSv1.2","736","Application Data"
"308","48.397813784","10.0.2.15","157.240.0.60","TCP","54","56326  >  443 [ACK] Seq=1008 Ack=6482 Win=62780 Len=0"
"309","48.510094701","10.0.2.15","157.240.0.60","TLSv1.2","145","Application Data"
"310","48.510436777","157.240.0.60","10.0.2.15","TCP","60","443  >  56326 [ACK] Seq=6482 Ack=1099 Win=65535 Len=0"
"311","48.577349372","10.0.2.15","157.240.0.60","TLSv1.2","157","Application Data"
"312","48.577856377","157.240.0.60","10.0.2.15","TCP","60","443  >  56326 [ACK] Seq=6482 Ack=1202 Win=65535 Len=0"
"313","48.743404592","157.240.0.60","10.0.2.15","TLSv1.2","144","Application Data"
"314","48.743445318","10.0.2.15","157.240.0.60","TCP","54","56326  >  443 [ACK] Seq=1202 Ack=6572 Win=62780 Len=0"
"325","54.348910589","157.240.0.60","10.0.2.15","TLSv1.2","1314","Application Data"
"326","54.348964026","10.0.2.15","157.240.0.60","TCP","54","56326  >  443 [ACK] Seq=1202 Ack=7832 Win=62780 Len=0"
"327","54.489420870","10.0.2.15","157.240.0.60","TLSv1.2","145","Application Data"
"328","54.489859561","157.240.0.60","10.0.2.15","TCP","60","443  >  56326 [ACK] Seq=7832 Ack=1293 Win=65535 Len=0"
"329","54.545930560","10.0.2.15","157.240.0.60","TLSv1.2","157","Application Data"
"330","54.546473786","157.240.0.60","10.0.2.15","TCP","60","443  >  56326 [ACK] Seq=7832 Ack=1396 Win=65535 Len=0"
"331","54.709043217","157.240.0.60","10.0.2.15","TLSv1.2","144","Application Data"
"332","54.709081529","10.0.2.15","157.240.0.60","TCP","54","56326  >  443 [ACK] Seq=1396 Ack=7922 Win=62780 Len=0"
"337","64.872794738","157.240.0.60","10.0.2.15","TLSv1.2","142","Application Data"
"338","64.872851381","10.0.2.15","157.240.0.60","TCP","54","56326  >  443 [ACK] Seq=1396 Ack=8010 Win=62780 Len=0"
"339","64.875236687","10.0.2.15","157.240.0.60","TLSv1.2","126","Application Data"
"340","64.875520792","157.240.0.60","10.0.2.15","TCP","60","443  >  56326 [ACK] Seq=8010 Ack=1468 Win=65535 Len=0"
"343","66.977185753","10.0.2.15","172.217.22.4","QUIC","1292","Initial, DCID=2f2f51f2ffef3176, PKN: 1, PING, PING, CRYPTO, PING, CRYPTO, CRYPTO, PADDING, PING, CRYPTO, CRYPTO, CRYPTO, CRYPTO, PING, PING, PING, PADDING, CRYPTO, PING, CRYPTO, CRYPTO, PADDING, PING"
"344","66.979978714","10.0.2.15","172.217.22.4","QUIC","120","0-RTT, DCID=2f2f51f2ffef3176"
"345","67.022513446","172.217.22.4","10.0.2.15","QUIC","1292","Initial, SCID=ef2f51f2ffef3176, PKN: 1, ACK, PADDING"
"346","67.059170239","172.217.22.4","10.0.2.15","QUIC","1292","Protected Payload (KP0)"
"347","67.059244391","172.217.22.4","10.0.2.15","QUIC","851","Protected Payload (KP0)"
"348","67.059579489","10.0.2.15","172.217.22.4","QUIC","120","Handshake, DCID=ef2f51f2ffef3176"
"349","67.059665360","10.0.2.15","172.217.22.4","QUIC","73","Protected Payload (KP0), DCID=ef2f51f2ffef3176"
"350","67.060018218","172.217.22.4","10.0.2.15","QUIC","197","Protected Payload (KP0)"
"351","67.060187495","172.217.22.4","10.0.2.15","QUIC","66","Protected Payload (KP0)"
"352","67.077294938","172.217.22.4","10.0.2.15","QUIC","162","Protected Payload (KP0)"
"353","67.077808915","10.0.2.15","172.217.22.4","QUIC","73","Protected Payload (KP0), DCID=ef2f51f2ffef3176"
"354","70.807836787","157.240.0.60","10.0.2.15","TLSv1.2","142","Application Data"
"355","70.811641992","10.0.2.15","157.240.0.60","TLSv1.2","126","Application Data"
"356","70.812243779","157.240.0.60","10.0.2.15","TCP","60","443  >  56326 [ACK] Seq=8098 Ack=1540 Win=65535 Len=0"
"357","77.493024590","157.240.0.60","10.0.2.15","TCP","1514","443  >  56326 [ACK] Seq=8098 Ack=1540 Win=65535 Len=1460 [TCP segment of a reassembled PDU]"
"358","77.540529523","10.0.2.15","157.240.0.60","TCP","54","56326  >  443 [ACK] Seq=1540 Ack=9558 Win=62780 Len=0"
"359","77.540754894","157.240.0.60","10.0.2.15","TLSv1.2","306","Application Data, Application Data"
"360","77.540775568","10.0.2.15","157.240.0.60","TCP","54","56326  >  443 [ACK] Seq=1540 Ack=9810 Win=62780 Len=0"
"361","77.672826879","10.0.2.15","213.57.24.97","QUIC","1292","Initial, DCID=18c161100d9d0b87, PKN: 1, PADDING, PING, PADDING, PING, PADDING, PING, PING, CRYPTO, PADDING"
"362","77.673364253","10.0.2.15","213.57.24.97","QUIC","117","0-RTT, DCID=18c161100d9d0b87"
"363","77.674400887","10.0.2.15","213.57.24.97","QUIC","637","0-RTT, DCID=18c161100d9d0b87"
"364","77.683699279","10.0.2.15","157.240.0.60","TLSv1.2","144","Application Data"
"365","77.684241531","157.240.0.60","10.0.2.15","TCP","60","443  >  56326 [ACK] Seq=9810 Ack=1630 Win=65535 Len=0"
"366","77.693717289","213.57.24.97","10.0.2.15","QUIC","1274","Initial, SCID=9b81000a3ca556f8, PKN: 13246204, CRYPTO, ACK, PADDING"
"367","77.693822021","213.57.24.97","10.0.2.15","QUIC","251","Handshake, SCID=9b81000a3ca556f8"
"368","77.693957955","213.57.24.97","10.0.2.15","QUIC","90","Protected Payload (KP0)"
"369","77.693958025","213.57.24.97","10.0.2.15","QUIC","122","Protected Payload (KP0)"
"370","77.694032558","213.57.24.97","10.0.2.15","QUIC","90","Protected Payload (KP0)"
"371","77.694260002","10.0.2.15","213.57.24.97","QUIC","123","Handshake, DCID=9b81000a3ca556f8"
"372","77.694405521","10.0.2.15","213.57.24.97","QUIC","76","Protected Payload (KP0), DCID=9b81000a3ca556f8"
"373","77.711214418","213.57.24.97","10.0.2.15","QUIC","81","Handshake, SCID=9b81000a3ca556f8"
"374","77.711214759","213.57.24.97","10.0.2.15","QUIC","378","Protected Payload (KP0)"
"375","77.739671541","10.0.2.15","213.57.24.97","QUIC","77","Protected Payload (KP0), DCID=9b81000a3ca556f8"
"376","77.752804641","10.0.2.15","157.240.0.60","TLSv1.2","156","Application Data"
"377","77.753351786","157.240.0.60","10.0.2.15","TCP","60","443  >  56326 [ACK] Seq=9810 Ack=1732 Win=65535 Len=0"
"378","77.915191560","157.240.0.60","10.0.2.15","TLSv1.2","143","Application Data"
"379","77.915231545","10.0.2.15","157.240.0.60","TCP","54","56326  >  443 [ACK] Seq=1732 Ack=9899 Win=62780 Len=0"
"380","77.915678361","10.0.2.15","213.57.24.97","QUIC","71","Protected Payload (KP0), DCID=9b81000a3ca556f8"
"381","77.951352737","213.57.24.97","10.0.2.15","QUIC","90","Protected Payload (KP0)"
"382","77.983493310","213.57.24.97","10.0.2.15","QUIC","474","Protected Payload (KP0)"
"383","77.983493821","213.57.24.97","10.0.2.15","QUIC","1274","Protected Payload (KP0)"
"384","77.983768683","213.57.24.97","10.0.2.15","QUIC","378","Protected Payload (KP0)"
"385","77.983768923","213.57.24.97","10.0.2.15","QUIC","1274","Protected Payload (KP0)"
"386","77.983768983","213.57.24.97","10.0.2.15","QUIC","378","Protected Payload (KP0)"
"387","77.983858791","213.57.24.97","10.0.2.15","QUIC","1274","Protected Payload (KP0)"
"388","77.983909344","10.0.2.15","213.57.24.97","QUIC","80","Protected Payload (KP0), DCID=9b81000a3ca556f8"
"389","77.983936349","213.57.24.97","10.0.2.15","QUIC","1274","Protected Payload (KP0)"
"390","77.983936419","213.57.24.97","10.0.2.15","QUIC","1274","Protected Payload (KP0)"
"391","77.983998341","213.57.24.97","10.0.2.15","QUIC","506","Protected Payload (KP0)"
"392","77.984015519","10.0.2.15","213.57.24.97","QUIC","76","Protected Payload (KP0), DCID=9b81000a3ca556f8"
"393","77.984066052","10.0.2.15","213.57.24.97","QUIC","76","Protected Payload (KP0), DCID=9b81000a3ca556f8"
"394","77.984173779","10.0.2.15","213.57.24.97","QUIC","76","Protected Payload (KP0), DCID=9b81000a3ca556f8"
"395","77.984241921","10.0.2.15","213.57.24.97","QUIC","76","Protected Payload (KP0), DCID=9b81000a3ca556f8"
"396","77.984247014","213.57.24.97","10.0.2.15","QUIC","1274","Protected Payload (KP0)"
"397","77.984310238","213.57.24.97","10.0.2.15","QUIC","1274","Protected Payload (KP0)"
"398","77.984389939","213.57.24.97","10.0.2.15","QUIC","250","Protected Payload (KP0)"
"399","77.984436957","213.57.24.97","10.0.2.15","QUIC","1274","Protected Payload (KP0)"
"400","77.984493600","213.57.24.97","10.0.2.15","QUIC","378","Protected Payload (KP0)"
"401","77.984551575","213.57.24.97","10.0.2.15","QUIC","1274","Protected Payload (KP0)"
"402","77.984608909","213.57.24.97","10.0.2.15","QUIC","1274","Protected Payload (KP0)"
"403","77.985709034","10.0.2.15","213.57.24.97","QUIC","76","Protected Payload (KP0), DCID=9b81000a3ca556f8"
"404","77.985806114","10.0.2.15","213.57.24.97","QUIC","76","Protected Payload (KP0), DCID=9b81000a3ca556f8"
"405","77.985836123","10.0.2.15","213.57.24.97","QUIC","76","Protected Payload (KP0), DCID=9b81000a3ca556f8"
"406","78.001604904","213.57.24.97","10.0.2.15","QUIC","1274","Protected Payload (KP0)"
"407","78.001605545","213.57.24.97","10.0.2.15","QUIC","1274","Protected Payload (KP0)"
"408","78.001719743","213.57.24.97","10.0.2.15","QUIC","1274","Protected Payload (KP0)"
"409","78.001719903","213.57.24.97","10.0.2.15","QUIC","1274","Protected Payload (KP0)"
"410","78.001935828","213.57.24.97","10.0.2.15","QUIC","1274","Protected Payload (KP0)"
"411","78.001955290","10.0.2.15","213.57.24.97","QUIC","76","Protected Payload (KP0), DCID=9b81000a3ca556f8"
"412","78.002068096","10.0.2.15","213.57.24.97","QUIC","76","Protected Payload (KP0), DCID=9b81000a3ca556f8"
"413","78.002129366","10.0.2.15","213.57.24.97","QUIC","76","Protected Payload (KP0), DCID=9b81000a3ca556f8"
"414","78.004228981","213.57.24.97","10.0.2.15","QUIC","1274","Protected Payload (KP0)"
"415","78.004229361","213.57.24.97","10.0.2.15","QUIC","1274","Protected Payload (KP0)"
"416","78.004302993","213.57.24.97","10.0.2.15","QUIC","1274","Protected Payload (KP0)"
"417","78.004387141","213.57.24.97","10.0.2.15","QUIC","1274","Protected Payload (KP0)"
"418","78.004387171","213.57.24.97","10.0.2.15","QUIC","1274","Protected Payload (KP0)"
"419","78.004410309","10.0.2.15","213.57.24.97","QUIC","76","Protected Payload (KP0), DCID=9b81000a3ca556f8"
"420","78.004428659","213.57.24.97","10.0.2.15","QUIC","1274","Protected Payload (KP0)"
"421","78.004452458","10.0.2.15","213.57.24.97","QUIC","76","Protected Payload (KP0), DCID=9b81000a3ca556f8"
"422","78.004478781","10.0.2.15","213.57.24.97","QUIC","76","Protected Payload (KP0), DCID=9b81000a3ca556f8"
"423","78.004485353","213.57.24.97","10.0.2.15","QUIC","1274","Protected Payload (KP0)"
"424","78.006011022","213.57.24.97","10.0.2.15","QUIC","1274","Protected Payload (KP0)"
"425","78.006011393","213.57.24.97","10.0.2.15","QUIC","1274","Protected Payload (KP0)"
"426","78.006074447","213.57.24.97","10.0.2.15","QUIC","1274","Protected Payload (KP0)"
"427","78.006139574","213.57.24.97","10.0.2.15","QUIC","1274","Protected Payload (KP0)"
"428","78.006164846","10.0.2.15","213.57.24.97","QUIC","76","Protected Payload (KP0), DCID=9b81000a3ca556f8"
"429","78.006187573","213.57.24.97","10.0.2.15","QUIC","1274","Protected Payload (KP0)"
"430","78.006234020","10.0.2.15","213.57.24.97","QUIC","76","Protected Payload (KP0), DCID=9b81000a3ca556f8"
"431","78.006259772","10.0.2.15","213.57.24.97","QUIC","76","Protected Payload (KP0), DCID=9b81000a3ca556f8"
"432","78.007781034","213.57.24.97","10.0.2.15","QUIC","1274","Protected Payload (KP0)"
"433","78.007781335","213.57.24.97","10.0.2.15","QUIC","1274","Protected Payload (KP0)"
"434","78.007950633","10.0.2.15","213.57.24.97","QUIC","76","Protected Payload (KP0), DCID=9b81000a3ca556f8"
"435","78.008309113","213.57.24.97","10.0.2.15","QUIC","1274","Protected Payload (KP0)"
"436","78.022507170","213.57.24.97","10.0.2.15","QUIC","1274","Protected Payload (KP0)"
"437","78.022507500","213.57.24.97","10.0.2.15","QUIC","1274","Protected Payload (KP0)"
"438","78.022588614","213.57.24.97","10.0.2.15","QUIC","1274","Protected Payload (KP0)"
"439","78.022622259","213.57.24.97","10.0.2.15","QUIC","1274","Protected Payload (KP0)"
"440","78.022666311","213.57.24.97","10.0.2.15","QUIC","1274","Protected Payload (KP0)"
"441","78.022693315","10.0.2.15","213.57.24.97","QUIC","76","Protected Payload (KP0), DCID=9b81000a3ca556f8"
"442","78.022709462","213.57.24.97","10.0.2.15","QUIC","1274","Protected Payload (KP0)"
"443","78.022733451","10.0.2.15","213.57.24.97","QUIC","76","Protected Payload (KP0), DCID=9b81000a3ca556f8"
"444","78.022738560","213.57.24.97","10.0.2.15","QUIC","1274","Protected Payload (KP0)"
"445","78.022760977","10.0.2.15","213.57.24.97","QUIC","81","Protected Payload (KP0), DCID=9b81000a3ca556f8"
"446","78.022786338","10.0.2.15","213.57.24.97","QUIC","76","Protected Payload (KP0), DCID=9b81000a3ca556f8"
"447","78.023002244","213.57.24.97","10.0.2.15","QUIC","1274","Protected Payload (KP0)"
"448","78.023089848","213.57.24.97","10.0.2.15","QUIC","1274","Protected Payload (KP0)"
"449","78.023089918","213.57.24.97","10.0.2.15","QUIC","1274","Protected Payload (KP0)"
"450","78.023134932","213.57.24.97","10.0.2.15","QUIC","1274","Protected Payload (KP0)"
"451","78.023174878","213.57.24.97","10.0.2.15","QUIC","1274","Protected Payload (KP0)"
"452","78.023187288","10.0.2.15","213.57.24.97","QUIC","76","Protected Payload (KP0), DCID=9b81000a3ca556f8"
"453","78.023219691","10.0.2.15","213.57.24.97","QUIC","76","Protected Payload (KP0), DCID=9b81000a3ca556f8"
"454","78.026297224","213.57.24.97","10.0.2.15","QUIC","1274","Protected Payload (KP0)"
"455","78.026371857","213.57.24.97","10.0.2.15","QUIC","1274","Protected Payload (KP0)"
"456","78.026458970","213.57.24.97","10.0.2.15","QUIC","1274","Protected Payload (KP0)"
"457","78.026482459","10.0.2.15","213.57.24.97","QUIC","76","Protected Payload (KP0), DCID=9b81000a3ca556f8"
"458","78.026534004","213.57.24.97","10.0.2.15","QUIC","1274","Protected Payload (KP0)"
"459","78.026563542","10.0.2.15","213.57.24.97","QUIC","76","Protected Payload (KP0), DCID=9b81000a3ca556f8"
"460","78.026756109","213.57.24.97","10.0.2.15","QUIC","1274","Protected Payload (KP0)"
"461","78.026846117","213.57.24.97","10.0.2.15","QUIC","1274","Protected Payload (KP0)"
"462","78.026856329","10.0.2.15","213.57.24.97","QUIC","76","Protected Payload (KP0), DCID=9b81000a3ca556f8"
"463","78.027028647","213.57.24.97","10.0.2.15","QUIC","1274","Protected Payload (KP0)"
"464","78.027080968","10.0.2.15","213.57.24.97","QUIC","76","Protected Payload (KP0), DCID=9b81000a3ca556f8"
"465","78.027194911","213.57.24.97","10.0.2.15","QUIC","1274","Protected Payload (KP0)"
"466","78.033518584","213.57.24.97","10.0.2.15","QUIC","1274","Protected Payload (KP0)"
"467","78.033697068","213.57.24.97","10.0.2.15","QUIC","1274","Protected Payload (KP0)"
"468","78.033697138","213.57.24.97","10.0.2.15","QUIC","1274","Protected Payload (KP0)"
"469","78.033783690","213.57.24.97","10.0.2.15","QUIC","1274","Protected Payload (KP0)"
"470","78.033877915","213.57.24.97","10.0.2.15","QUIC","1274","Protected Payload (KP0)"
"471","78.033977239","213.57.24.97","10.0.2.15","QUIC","1274","Protected Payload (KP0)"
"472","78.034179471","213.57.24.97","10.0.2.15","QUIC","1274","Protected Payload (KP0)"
"473","78.034179631","213.57.24.97","10.0.2.15","QUIC","1274","Protected Payload (KP0)"
"474","78.034301322","213.57.24.97","10.0.2.15","QUIC","1274","Protected Payload (KP0)"
"475","78.034396068","213.57.24.97","10.0.2.15","QUIC","1274","Protected Payload (KP0)"
"476","78.034494059","213.57.24.97","10.0.2.15","QUIC","1274","Protected Payload (KP0)"
"477","78.034641732","213.57.24.97","10.0.2.15","QUIC","1274","Protected Payload (KP0)"
"478","78.034764233","213.57.24.97","10.0.2.15","QUIC","1274","Protected Payload (KP0)"
"479","78.034833307","213.57.24.97","10.0.2.15","QUIC","1274","Protected Payload (KP0)"
"480","78.034845447","10.0.2.15","213.57.24.97","QUIC","77","Protected Payload (KP0), DCID=9b81000a3ca556f8"
"481","78.034891362","213.57.24.97","10.0.2.15","QUIC","1274","Protected Payload (KP0)"
"482","78.034936657","213.57.24.97","10.0.2.15","QUIC","1274","Protected Payload (KP0)"
"483","78.034987511","10.0.2.15","213.57.24.97","QUIC","76","Protected Payload (KP0), DCID=9b81000a3ca556f8"
"484","78.035045556","213.57.24.97","10.0.2.15","QUIC","1274","Protected Payload (KP0)"
"485","78.035078160","10.0.2.15","213.57.24.97","QUIC","76","Protected Payload (KP0), DCID=9b81000a3ca556f8"
"486","78.035159804","213.57.24.97","10.0.2.15","QUIC","1274","Protected Payload (KP0)"
"487","78.035188661","10.0.2.15","213.57.24.97","QUIC","76","Protected Payload (KP0), DCID=9b81000a3ca556f8"
"488","78.035237392","213.57.24.97","10.0.2.15","QUIC","1274","Protected Payload (KP0)"
"489","78.035267281","10.0.2.15","213.57.24.97","QUIC","76","Protected Payload (KP0), DCID=9b81000a3ca556f8"
"490","78.035315360","213.57.24.97","10.0.2.15","QUIC","1274","Protected Payload (KP0)"
"491","78.035355746","10.0.2.15","213.57.24.97","QUIC","76","Protected Payload (KP0), DCID=9b81000a3ca556f8"
"492","78.035420863","10.0.2.15","213.57.24.97","QUIC","76","Protected Payload (KP0), DCID=9b81000a3ca556f8"
"493","78.035481093","10.0.2.15","213.57.24.97","QUIC","76","Protected Payload (KP0), DCID=9b81000a3ca556f8"
"494","78.035546330","10.0.2.15","213.57.24.97","QUIC","76","Protected Payload (KP0), DCID=9b81000a3ca556f8"
"495","78.035625380","10.0.2.15","213.57.24.97","QUIC","76","Protected Payload (KP0), DCID=9b81000a3ca556f8"
"496","78.052768451","213.57.24.97","10.0.2.15","QUIC","1274","Protected Payload (KP0)"
"497","78.052938240","213.57.24.97","10.0.2.15","QUIC","1274","Protected Payload (KP0)"
"498","78.052938300","213.57.24.97","10.0.2.15","QUIC","1274","Protected Payload (KP0)"
"499","78.053021998","213.57.24.97","10.0.2.15","QUIC","1274","Protected Payload (KP0)"
"500","78.053119218","10.0.2.15","213.57.24.97","QUIC","76","Protected Payload (KP0), DCID=9b81000a3ca556f8"
"501","78.053177714","213.57.24.97","10.0.2.15","QUIC","1274","Protected Payload (KP0)"
"502","78.053206972","10.0.2.15","213.57.24.97","QUIC","76","Protected Payload (KP0), DCID=9b81000a3ca556f8"
"503","78.053277198","213.57.24.97","10.0.2.15","QUIC","1274","Protected Payload (KP0)"
"504","78.053287124","10.0.2.15","213.57.24.97","QUIC","81","Protected Payload (KP0), DCID=9b81000a3ca556f8"
"505","78.053703529","213.57.24.97","10.0.2.15","QUIC","1274","Protected Payload (KP0)"
"506","78.053703840","213.57.24.97","10.0.2.15","QUIC","1274","Protected Payload (KP0)"
"507","78.053863973","213.57.24.97","10.0.2.15","QUIC","1274","Protected Payload (KP0)"
"508","78.053893522","10.0.2.15","213.57.24.97","QUIC","76","Protected Payload (KP0), DCID=9b81000a3ca556f8"
"509","78.053943243","213.57.24.97","10.0.2.15","QUIC","1274","Protected Payload (KP0)"
"510","78.053987206","10.0.2.15","213.57.24.97","QUIC","76","Protected Payload (KP0), DCID=9b81000a3ca556f8"
"511","78.056264081","213.57.24.97","10.0.2.15","QUIC","1274","Protected Payload (KP0)"
"512","78.056426448","10.0.2.15","213.57.24.97","QUIC","76","Protected Payload (KP0), DCID=9b81000a3ca556f8"
"513","78.056793863","213.57.24.97","10.0.2.15","QUIC","1274","Protected Payload (KP0)"
"514","78.056794253","213.57.24.97","10.0.2.15","QUIC","1274","Protected Payload (KP0)"
"515","78.056918157","213.57.24.97","10.0.2.15","QUIC","1274","Protected Payload (KP0)"
"516","78.056918217","213.57.24.97","10.0.2.15","QUIC","1274","Protected Payload (KP0)"
"517","78.056918267","213.57.24.97","10.0.2.15","QUIC","1274","Protected Payload (KP0)"
"518","78.057004409","213.57.24.97","10.0.2.15","QUIC","1274","Protected Payload (KP0)"
"519","78.057004529","213.57.24.97","10.0.2.15","QUIC","1274","Protected Payload (KP0)"
"520","78.057098864","213.57.24.97","10.0.2.15","QUIC","1274","Protected Payload (KP0)"
"521","78.057098914","213.57.24.97","10.0.2.15","QUIC","1274","Protected Payload (KP0)"
"522","78.057210057","213.57.24.97","10.0.2.15","QUIC","1274","Protected Payload (KP0)"
"523","78.057210167","213.57.24.97","10.0.2.15","QUIC","1274","Protected Payload (KP0)"
"524","78.057299214","213.57.24.97","10.0.2.15","QUIC","1274","Protected Payload (KP0)"
"525","78.057299324","213.57.24.97","10.0.2.15","QUIC","1274","Protected Payload (KP0)"
"526","78.057386117","10.0.2.15","213.57.24.97","QUIC","76","Protected Payload (KP0), DCID=9b81000a3ca556f8"
"527","78.057425141","213.57.24.97","10.0.2.15","QUIC","1274","Protected Payload (KP0)"
"528","78.057425281","213.57.24.97","10.0.2.15","QUIC","1274","Protected Payload (KP0)"
"529","78.057523242","10.0.2.15","213.57.24.97","QUIC","76","Protected Payload (KP0), DCID=9b81000a3ca556f8"
"530","78.057538899","213.57.24.97","10.0.2.15","QUIC","1274","Protected Payload (KP0)"
"531","78.057600921","213.57.24.97","10.0.2.15","QUIC","1274","Protected Payload (KP0)"
"532","78.057694014","213.57.24.97","10.0.2.15","QUIC","1274","Protected Payload (KP0)"
"533","78.057708577","10.0.2.15","213.57.24.97","QUIC","76","Protected Payload (KP0), DCID=9b81000a3ca556f8"
"534","78.057732978","213.57.24.97","10.0.2.15","QUIC","1274","Protected Payload (KP0)"
"535","78.057748263","10.0.2.15","213.57.24.97","QUIC","76","Protected Payload (KP0), DCID=9b81000a3ca556f8"
"536","78.057768176","213.57.24.97","10.0.2.15","QUIC","1274","Protected Payload (KP0)"
"537","78.057812148","10.0.2.15","213.57.24.97","QUIC","76","Protected Payload (KP0), DCID=9b81000a3ca556f8"
"538","78.057901910","213.57.24.97","10.0.2.15","QUIC","1274","Protected Payload (KP0)"
"539","78.057955263","10.0.2.15","213.57.24.97","QUIC","78","Protected Payload (KP0), DCID=9b81000a3ca556f8"
"540","78.058002465","213.57.24.97","10.0.2.15","QUIC","1274","Protected Payload (KP0)"
"541","78.058002556","213.57.24.97","10.0.2.15","QUIC","1274","Protected Payload (KP0)"
"542","78.058051672","10.0.2.15","213.57.24.97","QUIC","78","Protected Payload (KP0), DCID=9b81000a3ca556f8"
"543","78.058079112","213.57.24.97","10.0.2.15","QUIC","1274","Protected Payload (KP0)"
"544","78.058099290","10.0.2.15","213.57.24.97","QUIC","78","Protected Payload (KP0), DCID=9b81000a3ca556f8"
"545","78.058119954","10.0.2.15","213.57.24.97","QUIC","78","Protected Payload (KP0), DCID=9b81000a3ca556f8"
"546","78.058197556","213.57.24.97","10.0.2.15","QUIC","1274","Protected Payload (KP0)"
"547","78.058250078","10.0.2.15","213.57.24.97","QUIC","78","Protected Payload (KP0), DCID=9b81000a3ca556f8"
"548","78.058340051","213.57.24.97","10.0.2.15","QUIC","1274","Protected Payload (KP0)"
"549","78.058431611","213.57.24.97","10.0.2.15","QUIC","1274","Protected Payload (KP0)"
"550","78.058431672","213.57.24.97","10.0.2.15","QUIC","1274","Protected Payload (KP0)"
"551","78.058451479","10.0.2.15","213.57.24.97","QUIC","78","Protected Payload (KP0), DCID=9b81000a3ca556f8"
"552","78.058532297","213.57.24.97","10.0.2.15","QUIC","1274","Protected Payload (KP0)"
"553","78.058532347","213.57.24.97","10.0.2.15","QUIC","1274","Protected Payload (KP0)"
"554","78.058595266","10.0.2.15","213.57.24.97","QUIC","78","Protected Payload (KP0), DCID=9b81000a3ca556f8"
"555","78.058671015","213.57.24.97","10.0.2.15","QUIC","1274","Protected Payload (KP0)"
"556","78.058779454","213.57.24.97","10.0.2.15","QUIC","1274","Protected Payload (KP0)"
"557","78.058835566","213.57.24.97","10.0.2.15","QUIC","1274","Protected Payload (KP0)"
"558","78.058878527","213.57.24.97","10.0.2.15","QUIC","1274","Protected Payload (KP0)"
"559","78.058912798","10.0.2.15","213.57.24.97","QUIC","78","Protected Payload (KP0), DCID=9b81000a3ca556f8"
"560","78.058928008","213.57.24.97","10.0.2.15","QUIC","1274","Protected Payload (KP0)"
"561","78.058974114","213.57.24.97","10.0.2.15","QUIC","1274","Protected Payload (KP0)"
"562","78.059072426","213.57.24.97","10.0.2.15","QUIC","1274","Protected Payload (KP0)"
"563","78.059128097","213.57.24.97","10.0.2.15","QUIC","1274","Protected Payload (KP0)"
"564","78.059167498","10.0.2.15","213.57.24.97","QUIC","78","Protected Payload (KP0), DCID=9b81000a3ca556f8"
"565","78.059177769","213.57.24.97","10.0.2.15","QUIC","1274","Protected Payload (KP0)"
"566","78.059236121","10.0.2.15","213.57.24.97","QUIC","78","Protected Payload (KP0), DCID=9b81000a3ca556f8"
"567","78.059270397","10.0.2.15","213.57.24.97","QUIC","78","Protected Payload (KP0), DCID=9b81000a3ca556f8"
"568","78.059278600","213.57.24.97","10.0.2.15","QUIC","1274","Protected Payload (KP0)"
"569","78.059317194","10.0.2.15","213.57.24.97","QUIC","83","Protected Payload (KP0), DCID=9b81000a3ca556f8"
"570","78.059397295","213.57.24.97","10.0.2.15","QUIC","1274","Protected Payload (KP0)"
"571","78.059441959","10.0.2.15","213.57.24.97","QUIC","77","Protected Payload (KP0), DCID=9b81000a3ca556f8"
"572","78.059496769","213.57.24.97","10.0.2.15","QUIC","1274","Protected Payload (KP0)"
"573","78.060652771","213.57.24.97","10.0.2.15","QUIC","1274","Protected Payload (KP0)"
"574","78.060722175","213.57.24.97","10.0.2.15","QUIC","1274","Protected Payload (KP0)"
"575","78.060722205","213.57.24.97","10.0.2.15","QUIC","1274","Protected Payload (KP0)"
"576","78.060825820","213.57.24.97","10.0.2.15","QUIC","1274","Protected Payload (KP0)"
"577","78.060826111","213.57.24.97","10.0.2.15","QUIC","1274","Protected Payload (KP0)"
"578","78.060884467","213.57.24.97","10.0.2.15","QUIC","1274","Protected Payload (KP0)"
"579","78.060935230","213.57.24.97","10.0.2.15","QUIC","1274","Protected Payload (KP0)"
"580","78.060985954","213.57.24.97","10.0.2.15","QUIC","1274","Protected Payload (KP0)"
"581","78.061030807","213.57.24.97","10.0.2.15","QUIC","1274","Protected Payload (KP0)"
"582","78.061071925","213.57.24.97","10.0.2.15","QUIC","1274","Protected Payload (KP0)"
"583","78.061103101","10.0.2.15","213.57.24.97","QUIC","77","Protected Payload (KP0), DCID=9b81000a3ca556f8"
"584","78.061116609","213.57.24.97","10.0.2.15","QUIC","1274","Protected Payload (KP0)"
"585","78.061174854","213.57.24.97","10.0.2.15","QUIC","1274","Protected Payload (KP0)"
"586","78.061306811","213.57.24.97","10.0.2.15","QUIC","1274","Protected Payload (KP0)"
"587","78.061368032","213.57.24.97","10.0.2.15","QUIC","250","Protected Payload (KP0)"
"588","78.067789080","213.57.24.97","10.0.2.15","QUIC","90","Protected Payload (KP0)"
"589","78.068109598","10.0.2.15","213.57.24.97","QUIC","77","Protected Payload (KP0), DCID=9b81000a3ca556f8"
"590","78.074134419","213.57.24.97","10.0.2.15","QUIC","90","Protected Payload (KP0)"
"591","78.074134810","213.57.24.97","10.0.2.15","QUIC","1274","Protected Payload (KP0)"
"592","78.075073464","213.57.24.97","10.0.2.15","QUIC","1274","Protected Payload (KP0)"
"593","78.075349468","213.57.24.97","10.0.2.15","QUIC","1274","Protected Payload (KP0)"
"594","78.075349508","213.57.24.97","10.0.2.15","QUIC","1274","Protected Payload (KP0)"
"595","78.078733524","213.57.24.97","10.0.2.15","QUIC","1274","Protected Payload (KP0)"
"596","78.078885344","213.57.24.97","10.0.2.15","QUIC","1274","Protected Payload (KP0)"
"597","78.078951844","10.0.2.15","213.57.24.97","QUIC","76","Protected Payload (KP0), DCID=9b81000a3ca556f8"
"598","78.079733705","213.57.24.97","10.0.2.15","QUIC","1274","Protected Payload (KP0)"
"599","78.079827229","213.57.24.97","10.0.2.15","QUIC","1274","Protected Payload (KP0)"
"600","78.079827309","213.57.24.97","10.0.2.15","QUIC","1274","Protected Payload (KP0)"
"601","78.079956221","213.57.24.97","10.0.2.15","QUIC","90","Protected Payload (KP0)"
"602","78.091888625","10.0.2.15","213.57.24.97","QUIC","77","Protected Payload (KP0), DCID=9b81000a3ca556f8"
"603","78.106426140","213.57.24.97","10.0.2.15","QUIC","90","Protected Payload (KP0)"
"604","78.690414944","157.240.0.60","10.0.2.15","TLSv1.2","131","Application Data"
"605","78.690462261","10.0.2.15","157.240.0.60","TCP","54","56326  >  443 [ACK] Seq=1732 Ack=9976 Win=62780 Len=0"
"606","80.337310778","157.240.0.60","10.0.2.15","TLSv1.2","317","Application Data"
"607","80.337351906","10.0.2.15","157.240.0.60","TCP","54","56326  >  443 [ACK] Seq=1732 Ack=10239 Win=62780 Len=0"
"608","80.419693357","10.0.2.15","157.240.0.60","TLSv1.2","145","Application Data"
"609","80.420210173","157.240.0.60","10.0.2.15","TCP","60","443  >  56326 [ACK] Seq=10239 Ack=1823 Win=65535 Len=0"
"610","80.475930127","10.0.2.15","157.240.0.60","TLSv1.2","157","Application Data"
"611","80.476312077","157.240.0.60","10.0.2.15","TCP","60","443  >  56326 [ACK] Seq=10239 Ack=1926 Win=65535 Len=0"
"612","80.636326505","157.240.0.60","10.0.2.15","TLSv1.2","144","Application Data"
"613","80.636354340","10.0.2.15","157.240.0.60","TCP","54","56326  >  443 [ACK] Seq=1926 Ack=10329 Win=62780 Len=0"
"614","81.374765025","157.240.0.60","10.0.2.15","TLSv1.2","131","Application Data"
"615","81.374825004","10.0.2.15","157.240.0.60","TCP","54","56326  >  443 [ACK] Seq=1926 Ack=10406 Win=62780 Len=0"
"616","85.540757756","157.240.0.60","10.0.2.15","TLSv1.2","131","Application Data"
"617","85.540790570","10.0.2.15","157.240.0.60","TCP","54","56326  >  443 [ACK] Seq=1926 Ack=10483 Win=62780 Len=0"
"620","87.089904789","157.240.0.60","10.0.2.15","TLSv1.2","398","Application Data"
"621","87.089938325","10.0.2.15","157.240.0.60","TCP","54","56326  >  443 [ACK] Seq=1926 Ack=10827 Win=62780 Len=0"
"622","87.207744744","10.0.2.15","157.240.0.60","TLSv1.2","145","Application Data"
"623","87.208173251","157.240.0.60","10.0.2.15","TCP","60","443  >  56326 [ACK] Seq=10827 Ack=2017 Win=65535 Len=0"
"624","87.261440671","10.0.2.15","157.240.0.60","TLSv1.2","157","Application Data"
"625","87.262020238","157.240.0.60","10.0.2.15","TCP","60","443  >  56326 [ACK] Seq=10827 Ack=2120 Win=65535 Len=0"
"626","87.423454920","157.240.0.60","10.0.2.15","TLSv1.2","144","Application Data"
"627","87.423489877","10.0.2.15","157.240.0.60","TCP","54","56326  >  443 [ACK] Seq=2120 Ack=10917 Win=62780 Len=0"
"628","87.581875886","157.240.0.60","10.0.2.15","TLSv1.2","131","Application Data"
"629","87.582031513","10.0.2.15","157.240.0.60","TCP","54","56326  >  443 [ACK] Seq=2120 Ack=10994 Win=62780 Len=0"
"630","90.670082172","157.240.0.60","10.0.2.15","TLSv1.2","131","Application Data"
"631","90.670159299","10.0.2.15","157.240.0.60","TCP","54","56326  >  443 [ACK] Seq=2120 Ack=11071 Win=62780 Len=0"
"632","92.602182601","157.240.0.60","10.0.2.15","TLSv1.2","365","Application Data"
"633","92.602216346","10.0.2.15","157.240.0.60","TCP","54","56326  >  443 [ACK] Seq=2120 Ack=11382 Win=62780 Len=0"
"634","92.707195969","10.0.2.15","157.240.0.60","TLSv1.2","145","Application Data"
"635","92.707530312","157.240.0.60","10.0.2.15","TCP","60","443  >  56326 [ACK] Seq=11382 Ack=2211 Win=65535 Len=0"
"636","92.769408424","10.0.2.15","157.240.0.60","TLSv1.2","157","Application Data"
"637","92.769784376","157.240.0.60","10.0.2.15","TCP","60","443  >  56326 [ACK] Seq=11382 Ack=2314 Win=65535 Len=0"
"638","92.933641992","157.240.0.60","10.0.2.15","TLSv1.2","144","Application Data"
"639","92.933685073","10.0.2.15","157.240.0.60","TCP","54","56326  >  443 [ACK] Seq=2314 Ack=11472 Win=62780 Len=0"
